{"minzoom":0,"maxzoom":8,"center":[-172.265625,-13.438966,8.0],"bounds":[-172.802887,-14.072511,-171.400391,-13.438966]}