{"minzoom":0,"maxzoom":9,"center":[-171.914062,-13.581675,9.0],"bounds":[-172.802887,-14.072511,-171.400391,-13.438966]}